{
    "HairsCount":63,
    "EyesCount":46,
    "HairColors":[
        [
            0.5773585,
            0.5773585,
            0.5773585,
            0
        ]
    ],
    "Id":"Appearance"
}